INSERT INTO Branch (B_id, Plot_no, Locality, City, State) VALUES (4, 123, 'MG Road', 'Bangalore', 'Karnataka');

INSERT INTO Branch VALUES (9, 111, 'Marine Drive', 'Mumbai','Maharashtra');

INSERT INTO Branch VALUES (10, 71, 'Anand Vihar', 'Delhi','Delhi');


INSERT INTO Employee (Emp_id, B_id, F_name, l_name, Gender, DOB, Post, House_no, Locality, City, State) VALUES (201, 10, 'Anika', 'Singh', 'F', DATE '1985-06-25', 'Manager', 101, 'Vasant Kunj', 'Delhi', 'Delhi');

INSERT INTO Employee (Emp_id, B_id, F_name, l_name, Gender, DOB, Post, House_no, Locality, City, State) VALUES (202, 10, 'Arjun', 'Gupta', 'M', DATE '1990-03-18', 'Assistant Manager', 102, 'Rajouri Garden', 'Delhi', 'Delhi');

INSERT INTO Employee (Emp_id, B_id, F_name, l_name, Gender, DOB, Post, House_no, Locality, City, State) VALUES (203, 10, 'Alisha', 'Sharma', 'F', DATE '1992-09-12', 'Assistant Manager', 103, 'Pitampura', 'Delhi', 'Delhi');

INSERT INTO Employee (Emp_id, B_id, F_name, l_name, Gender, DOB, Post, House_no, Locality, City, State) VALUES (204, 10, 'Aditya', 'Verma', 'M', DATE '1993-07-05', 'Clerk', 104, 'Karol Bagh', 'Delhi', 'Delhi');

INSERT INTO Employee (Emp_id, B_id, F_name, l_name, Gender, DOB, Post, House_no, Locality, City, State) VALUES (205, 10, 'Ananya', 'Yadav', 'F', DATE '1996-02-20', 'Loan Handler', 105, 'Dwarka', 'Delhi', 'Delhi');

INSERT INTO Employee (Emp_id, B_id, F_name, l_name, Gender, DOB, Post, House_no, Locality, City, State) VALUES (206, 10, 'Amit', 'Chauhan', 'M', DATE '1991-12-10', 'Clerk', 106, 'Mayur Vihar', 'Delhi', 'Delhi');

INSERT INTO Employee (Emp_id, B_id, F_name, l_name, Gender, DOB, Post, House_no, Locality, City, State) VALUES (207, 10, 'Anika', 'Jain', 'F', DATE '1988-11-15', 'Clerk', 107, 'Lajpat Nagar', 'Delhi', 'Delhi');

INSERT INTO Employee (Emp_id, B_id, F_name, l_name, Gender, DOB, Post, House_no, Locality, City, State) VALUES (119, 9, 'Aarav', 'Shah', 'M',DATE '1995-02-12', 'Assistant Manager', 321, 'Navi Mumbai', 'Mumbai', 'Maharashtra');

INSERT INTO Employee (Emp_id, B_id, F_name, l_name, Gender, DOB, Post, House_no, Locality, City, State) VALUES (120, 9, 'Aditi', 'Gupta', 'F',DATE '1994-04-22', 'Manager', 432, 'Andheri', 'Mumbai', 'Maharashtra');

INSERT INTO Employee (Emp_id, B_id, F_name, l_name, Gender, DOB, Post, House_no, Locality, City, State) VALUES (121, 9, 'Arya', 'Joshi', 'F',DATE '1996-09-05', 'Clerk', 543, 'Kandivali', 'Mumbai', 'Maharashtra');

INSERT INTO Employee (Emp_id, B_id, F_name, l_name, Gender, DOB, Post, House_no, Locality, City, State) VALUES (122, 9, 'Anaya', 'Patel', 'F',DATE '1997-07-02', 'Assistant Manager', 654, 'Ghatkopar', 'Mumbai', 'Maharashtra');

INSERT INTO Employee (Emp_id, B_id, F_name, l_name, Gender, DOB, Post, House_no, Locality, City, State) VALUES (123, 9, 'Aadi', 'Mishra', 'M',DATE '1993-12-15', 'Loan Handler', 765, 'Powai', 'Mumbai', 'Maharashtra');

INSERT INTO Employee (Emp_id, B_id, F_name, l_name, Gender, DOB, Post, House_no, Locality, City, State) VALUES (124, 9, 'Avni', 'Desai', 'F',DATE '1995-08-29', 'Assistant Manager', 876, 'Borivali', 'Mumbai', 'Maharashtra');

INSERT INTO Employee (Emp_id, B_id, F_name, l_name, Gender, DOB, Post, House_no, Locality, City, State) VALUES (125, 9, 'Aryan', 'Kapoor', 'M',DATE '1994-03-19', 'Manager', 987, 'Vile Parle', 'Mumbai', 'Maharashtra');

INSERT INTO Employee (Emp_id, B_id, F_name, l_name, Gender, DOB, Post, House_no, Locality, City, State) VALUES (301, 4, 'Aditi', 'Sharma', 'F',DATE '1987-07-25', 'Manager', 22, 'Koramangala', 'Bangalore', 'Karnataka');

INSERT INTO Employee (Emp_id, B_id, F_name, l_name, Gender, DOB, Post, House_no, Locality, City, State) VALUES (302, 4, 'Rahul', 'Rao', 'M',DATE '1991-03-18', 'Assistant Manager', 33, 'Indiranagar', 'Bangalore', 'Karnataka');

INSERT INTO Employee (Emp_id, B_id, F_name, l_name, Gender, DOB, Post, House_no, Locality, City, State) VALUES (303, 4, 'Aanya', 'Nair', 'F',DATE '1993-09-12', 'Assistant Manager', 44, 'BTM Layout', 'Bangalore', 'Karnataka');

INSERT INTO Employee (Emp_id, B_id, F_name, l_name, Gender, DOB, Post, House_no, Locality, City, State) VALUES (304, 4, 'Karan', 'Sinha', 'M',DATE '1983-05-08', 'Clerk', 55, 'HSR Layout', 'Bangalore', 'Karnataka');

INSERT INTO Employee (Emp_id, B_id, F_name, l_name, Gender, DOB, Post, House_no, Locality, City, State) VALUES (305, 4, 'Aaradhya', 'Patel', 'F',DATE '1995-01-02', 'Loan Handler', 66, 'Whitefield', 'Bangalore', 'Karnataka');

INSERT INTO Employee (Emp_id, B_id, F_name, l_name, Gender, DOB, Post, House_no, Locality, City, State) VALUES (306, 4, 'Vedant', 'Gowda', 'M',DATE '1988-11-28', 'Clerk', 77, 'Marathahalli', 'Bangalore', 'Karnataka');

INSERT INTO Employee (Emp_id, B_id, F_name, l_name, Gender, DOB, Post, House_no, Locality, City, State) VALUES (307, 4, 'Sanika', 'Prasad', 'F',DATE '1996-06-15', 'Loan Handler', 88, 'Jayanagar', 'Bangalore', 'Karnataka');


INSERT INTO Customer (CustomerID, Emp_id, B_id, F_name, l_name, Gender, DOB, House_no, Locality, City, State) VALUES (8796543210, 201, 10, 'Aarav', 'Gupta', 'M',DATE '1990-05-15', 23, 'Karol Bagh', 'Delhi', 'Delhi');

INSERT INTO Customer (CustomerID, Emp_id, B_id, F_name, l_name, Gender, DOB, House_no, Locality, City, State) VALUES (9876543901, 202, 10, 'Anaya', 'Kapoor', 'F',DATE '1994-09-28', 45, 'Lajpat Nagar', 'Delhi', 'Delhi');

INSERT INTO Customer (CustomerID, Emp_id, B_id, F_name, l_name, Gender, DOB, House_no, Locality, City, State) VALUES (9876566123, 203, 10, 'Aaradhya', 'Sharma', 'F',DATE '1985-12-12', 67, 'Saket', 'Delhi', 'Delhi');

INSERT INTO Customer (CustomerID, Emp_id, B_id, F_name, l_name, Gender, DOB, House_no, Locality, City, State) VALUES (6543218889, 204, 10, 'Swapnil', 'Chhabra', 'M',DATE '1993-03-22', 89, 'Dwarka', 'Delhi', 'Delhi');

INSERT INTO Customer (CustomerID, Emp_id, B_id, F_name, l_name, Gender, DOB, House_no, Locality, City, State) VALUES (6543218779, 205, 10, 'Anika', 'Kaur', 'F',DATE '1996-06-08', 12, 'Connaught Place', 'Delhi', 'Delhi');

INSERT INTO Customer (CustomerID, Emp_id, B_id, F_name, l_name, Gender, DOB, House_no, Locality, City, State) VALUES (1111111111, 206, 10, 'Arjun', 'Chopra', 'M',DATE '1991-02-15', 34, 'Rajouri Garden', 'Delhi', 'Delhi');

INSERT INTO Customer (CustomerID, Emp_id, B_id, F_name, l_name, Gender, DOB, House_no, Locality, City, State) VALUES (2222222222, 207, 10, 'Anushka', 'Malhotra', 'F',DATE '1997-11-05', 56, 'Vasant Kunj', 'Delhi','Delhi');

INSERT INTO Customer (CustomerID, Emp_id, B_id, F_name, l_name, Gender, DOB, House_no, Locality, City, State) VALUES (9876543210, 119, 9, 'Aarav', 'Gupta', 'M',DATE '1993-06-28', 56, 'Bandra', 'Mumbai', 'Maharashtra');

INSERT INTO Customer (CustomerID, Emp_id, B_id, F_name, l_name, Gender, DOB, House_no, Locality, City, State) VALUES (8765432109, 120, 9, 'Isha', 'Verma', 'F',DATE '1991-08-15', 78, 'Andheri', 'Mumbai', 'Maharashtra');

INSERT INTO Customer (CustomerID, Emp_id, B_id, F_name, l_name, Gender, DOB, House_no, Locality, City, State) VALUES (7654321098, 121, 9, 'Rajat', 'Singh', 'M',DATE '1988-09-23', 89, 'Juhu', 'Mumbai', 'Maharashtra');

INSERT INTO Customer (CustomerID, Emp_id, B_id, F_name, l_name, Gender, DOB, House_no, Locality, City, State) VALUES (6543210987, 122, 9, 'Aditi', 'Sharma', 'F',DATE '1994-03-18', 45, 'Powai', 'Mumbai', 'Maharashtra');

INSERT INTO Customer (CustomerID, Emp_id, B_id, F_name, l_name, Gender, DOB, House_no, Locality, City, State) VALUES (5432109876, 123, 9, 'Aryan', 'Patel', 'M',DATE '1985-07-25', 67, 'Andheri', 'Mumbai', 'Maharashtra');

INSERT INTO Customer (CustomerID, Emp_id, B_id, F_name, l_name, Gender, DOB, House_no, Locality, City, State) VALUES (4321098765, 124, 9, 'Anika', 'Mishra', 'F',DATE '1996-02-02', 34, 'Malad', 'Mumbai', 'Maharashtra');

 INSERT INTO Customer (CustomerID, Emp_id, B_id, F_name, l_name, Gender, DOB, House_no, Locality, City, State) VALUES (3210987654, 125, 9, 'Kabir', 'Sinha', 'M',DATE '1990-05-14', 56, 'Goregaon', 'Mumbai','Maharashtra');

INSERT INTO Customer (CustomerID, Emp_id, B_id, F_name, l_name, Gender, DOB, House_no, Locality, City, State) VALUES (9876543211, 301, 4, 'Kavya', 'Nair', 'F',DATE '1995-09-10', 23, 'Koramangala', 'Bangalore', 'Karnataka');

INSERT INTO Customer (CustomerID, Emp_id, B_id, F_name, l_name, Gender, DOB, House_no, Locality, City, State) VALUES (8765432101, 302, 4, 'Alok', 'Gowda', 'M',DATE '1992-07-12', 45, 'Indiranagar', 'Bangalore', 'Karnataka');

INSERT INTO Customer (CustomerID, Emp_id, B_id, F_name, l_name, Gender, DOB, House_no, Locality, City, State) VALUES (7654321091, 303, 4, 'Ritika', 'Reddy', 'F',DATE '1988-11-28', 67, 'Jayanagar', 'Bangalore', 'Karnataka');

INSERT INTO Customer (CustomerID, Emp_id, B_id, F_name, l_name, Gender, DOB, House_no, Locality, City, State) VALUES (6543210982, 304, 4, 'Varun', 'Raj', 'M',DATE '1993-04-22', 89, 'BTM Layout', 'Bangalore', 'Karnataka');

INSERT INTO Customer (CustomerID, Emp_id, B_id, F_name, l_name, Gender, DOB, House_no, Locality, City, State) VALUES (5432109873, 305, 4, 'Ayesha', 'Kumar', 'F',DATE '1997-08-08', 12, 'Marathahalli', 'Bangalore', 'Karnataka');

INSERT INTO Customer (CustomerID, Emp_id, B_id, F_name, l_name, Gender, DOB, House_no, Locality, City, State) VALUES (4321098764, 306, 4, 'Aryan', 'Shetty', 'M',DATE '1991-06-15', 34, 'Whitefield', 'Bangalore', 'Karnataka');

INSERT INTO Customer (CustomerID, Emp_id, B_id, F_name, l_name, Gender, DOB, House_no, Locality, City, State) VALUES (3210987655, 307, 4, 'Anika', 'Pai', 'F',DATE '1996-01-02', 56, 'HSR Layout', 'Bangalore','Karnataka');



INSERT INTO Loan (Loan_no, CustomerID, Interest_rate, Amount, Duration) VALUES (1001, 9876543211, 5.5, 100000, 12);

INSERT INTO Loan (Loan_no, CustomerID, Interest_rate, Amount, Duration) VALUES (1002, 8765432101, 6.2, 150000, 24);

INSERT INTO Loan (Loan_no, CustomerID, Interest_rate, Amount, Duration) VALUES (1003, 7654321091, 5.8, 50000, 6);

INSERT INTO Loan (Loan_no, CustomerID, Interest_rate, Amount, Duration) VALUES (1004, 6543210982, 6.5, 200000, 36);

INSERT INTO Loan (Loan_no, CustomerID, Interest_rate, Amount, Duration) VALUES (1005, 5432109873, 7.1, 75000, 18);

INSERT INTO Loan (Loan_no, CustomerID, Interest_rate, Amount, Duration) VALUES (1006, 4321098764, 6.3, 120000, 24);

INSERT INTO Loan (Loan_no, CustomerID, Interest_rate, Amount, Duration) VALUES (1007, 9876543210, 5.9, 300000, 36);

INSERT INTO Loan (Loan_no, CustomerID, Interest_rate, Amount, Duration) VALUES (1008, 8765432109, 6.7, 250000, 24);

INSERT INTO Loan (Loan_no, CustomerID, Interest_rate, Amount, Duration) VALUES (1009, 7654321098, 7.3, 80000, 12);

INSERT INTO Loan (Loan_no, CustomerID, Interest_rate, Amount, Duration) VALUES (1010, 6543210987, 6.1, 150000, 18);

INSERT INTO Loan (Loan_no, CustomerID, Interest_rate, Amount, Duration) VALUES (1011, 5432109876, 5.7, 100000, 12);

INSERT INTO Loan (Loan_no, CustomerID, Interest_rate, Amount, Duration) VALUES (1012, 4321098765, 6.8, 200000, 24);

INSERT INTO Loan (Loan_no, CustomerID, Interest_rate, Amount, Duration) VALUES (1013, 3210987654, 5.6, 50000, 6);

INSERT INTO Loan (Loan_no, CustomerID, Interest_rate, Amount, Duration) VALUES (1014, 8796543210, 6.4, 300000, 36);

INSERT INTO Loan (Loan_no, CustomerID, Interest_rate, Amount, Duration) VALUES (1015, 9876543901, 5.8, 75000, 18);

INSERT INTO Loan (Loan_no, CustomerID, Interest_rate, Amount, Duration) VALUES (1016, 6543218889, 7.2, 120000, 24);

INSERT INTO Loan (Loan_no, CustomerID, Interest_rate, Amount, Duration) VALUES (1017, 1111111111, 6.0, 250000, 24);


INSERT INTO Account  VALUES (10001, 1500000,'Savings');

INSERT INTO Account  VALUES (10002, 250000,'Current');

INSERT INTO Account  VALUES (10003, 75000,'Savings');

INSERT INTO Account  VALUES (10004, 300000,'Current');

INSERT INTO Account  VALUES (10005, 200000,'Savings');

INSERT INTO Account  VALUES (10006, 100000,'Current');

INSERT INTO Account  VALUES (10007, 150000,'Current');

INSERT INTO Account  VALUES (10008, 80000,'Savings');

INSERT INTO Account  VALUES (10009, 60000,'Current');

INSERT INTO Account  VALUES (10010, 120000,'Savings');

INSERT INTO Account  VALUES (10011, 450000,'Savings');

INSERT INTO Account  VALUES (10012, 90000,'Current');

INSERT INTO Account  VALUES (10013, 55000,'Savings');

INSERT INTO Account  VALUES (10014, 700000,'Current');

INSERT INTO Account  VALUES (10015, 183452,'Current');

INSERT INTO Account  VALUES (10016, 560006,'Savings');

INSERT INTO Account  VALUES (10017, 100000,'Current');

INSERT INTO Account  VALUES (10018, 409853,'Savings');

INSERT INTO Account  VALUES (10019, 70000,'Savings');

INSERT INTO Account  VALUES (10020, 15000,'Current');



INSERT INTO CustomerHasAccounts VALUES (9876543211,10001);

INSERT INTO CustomerHasAccounts VALUES (8765432101,10002);

INSERT INTO CustomerHasAccounts VALUES (7654321091,10003);

INSERT INTO CustomerHasAccounts VALUES (6543210982,10004);

INSERT INTO CustomerHasAccounts VALUES (5432109873,10005);

INSERT INTO CustomerHasAccounts VALUES (4321098764,10006);

INSERT INTO CustomerHasAccounts VALUES (9876543210,10007);

INSERT INTO CustomerHasAccounts VALUES (8765432109,10008);

INSERT INTO CustomerHasAccounts VALUES (7654321098,10009);

INSERT INTO CustomerHasAccounts VALUES (6543210987,10010);

INSERT INTO CustomerHasAccounts VALUES (5432109876,10011);

INSERT INTO CustomerHasAccounts VALUES (4321098765,10012);

INSERT INTO CustomerHasAccounts VALUES (3210987654,10013);

INSERT INTO CustomerHasAccounts VALUES (8796543210,10014);

INSERT INTO CustomerHasAccounts VALUES (9876543901,10015);

INSERT INTO CustomerHasAccounts VALUES (6543218889,10016);

INSERT INTO CustomerHasAccounts VALUES (1111111111,10017);

INSERT INTO CustomerHasAccounts VALUES (2222222222,10018);

INSERT INTO CustomerHasAccounts VALUES (3210987655,10019);


INSERT INTO BranchMobileNo(B_id, Mobile_number) VALUES (4, 9876543210);

INSERT INTO BranchMobileNo(B_id, Mobile_number) VALUES (4, 9012345678);

INSERT INTO BranchMobileNo(B_id, Mobile_number) VALUES (9, 8765432109);

INSERT INTO BranchMobileNo(B_id, Mobile_number) VALUES (9, 8901234567);

INSERT INTO BranchMobileNo(B_id, Mobile_number) VALUES (10, 7654321098);



INSERT INTO Savings (Account_no, Interest_rate) VALUES (10001, 5.2);

INSERT INTO Savings (Account_no, Interest_rate) VALUES (10003, 4.3);

INSERT INTO Savings (Account_no, Interest_rate) VALUES (10005, 7.5);

INSERT INTO Savings (Account_no, Interest_rate) VALUES (10008, 9.0);

INSERT INTO Savings (Account_no, Interest_rate) VALUES (10010, 4.8);

INSERT INTO Savings (Account_no, Interest_rate) VALUES (10011, 5.5);

INSERT INTO Savings (Account_no, Interest_rate) VALUES (10013, 4.2);

INSERT INTO Savings (Account_no, Interest_rate) VALUES (10016, 4.9);

INSERT INTO Savings (Account_no, Interest_rate) VALUES (10018, 6.5);

INSERT INTO Savings (Account_no, Interest_rate) VALUES (10019, 4.1);

INSERT INTO Current1 (Account_no, Overdraft_amt) VALUES (10006, 5000);

INSERT INTO Current1 (Account_no, Overdraft_amt) VALUES (10002, 3000);

INSERT INTO Current1 (Account_no, Overdraft_amt) VALUES (10004, 7000);

INSERT INTO Current1 (Account_no, Overdraft_amt) VALUES (10007, 9000);

INSERT INTO Current1 (Account_no, Overdraft_amt) VALUES (10009, 2000);

INSERT INTO Current1 (Account_no, Overdraft_amt) VALUES (10012, 4000);

INSERT INTO Current1 (Account_no, Overdraft_amt) VALUES (10014, 8000);

INSERT INTO Current1 (Account_no, Overdraft_amt) VALUES (10015, 6000);

INSERT INTO Current1 (Account_no, Overdraft_amt) VALUES (10017, 10000);

INSERT INTO Current1 (Account_no, Overdraft_amt) VALUES (10020, 4500);


INSERT INTO Payment (Payment_no, Loan_no) VALUES (71231, 1001);

INSERT INTO Payment (Payment_no, Loan_no) VALUES (54103, 1002);

INSERT INTO Payment (Payment_no, Loan_no) VALUES (93275, 1003);

INSERT INTO Payment (Payment_no, Loan_no) VALUES (67894, 1004);

INSERT INTO Payment (Payment_no, Loan_no) VALUES (23510, 1005);

INSERT INTO Payment (Payment_no, Loan_no) VALUES (12938, 1006);

INSERT INTO Payment (Payment_no, Loan_no) VALUES (82764, 1007);

INSERT INTO Payment (Payment_no, Loan_no) VALUES (42783, 1008);

INSERT INTO Payment (Payment_no, Loan_no) VALUES (93610, 1009);

INSERT INTO Payment (Payment_no, Loan_no) VALUES (72653, 1010);

INSERT INTO Payment (Payment_no, Loan_no) VALUES (38294, 1011);

INSERT INTO Payment (Payment_no, Loan_no) VALUES (92561, 1012);

INSERT INTO Payment (Payment_no, Loan_no) VALUES (50492, 1013);

INSERT INTO Payment (Payment_no, Loan_no) VALUES (89314, 1014);

INSERT INTO Payment (Payment_no, Loan_no) VALUES (31562, 1015);

INSERT INTO Payment (Payment_no, Loan_no) VALUES (47529, 1016);

INSERT INTO Payment (Payment_no, Loan_no) VALUES (69284, 1017);



INSERT INTO Payment2nf(Payment_no,Amount,Pay_Date) VALUES (71231,1000,DATE '2022-03-01');

INSERT INTO Payment2nf(Payment_no,Amount,Pay_Date) VALUES (54103,10000,DATE '2022-11-25');

INSERT INTO Payment2nf(Payment_no,Amount,Pay_Date) VALUES (93275,2000,DATE '2022-07-29');

INSERT INTO Payment2nf(Payment_no,Amount,Pay_Date) VALUES (67894,7000,DATE '2022-10-18');

INSERT INTO Payment2nf(Payment_no,Amount,Pay_Date) VALUES (23510,5000,DATE '2022-09-21');

INSERT INTO Payment2nf(Payment_no,Amount,Pay_Date) VALUES (12938,5600,DATE '2022-12-01');

INSERT INTO Payment2nf(Payment_no,Amount,Pay_Date) VALUES (82764,9850,DATE '2022-06-28');

INSERT INTO Payment2nf(Payment_no,Amount,Pay_Date) VALUES (42783,10000,DATE '2022-05-07');

INSERT INTO Payment2nf(Payment_no,Amount,Pay_Date) VALUES (93610,3400,DATE '2023-01-09');

INSERT INTO Payment2nf(Payment_no,Amount,Pay_Date) VALUES (72653,6000,DATE '2022-10-28');

INSERT INTO Payment2nf(Payment_no,Amount,Pay_Date) VALUES (38294,9400,DATE '2022-03-14');

INSERT INTO Payment2nf(Payment_no,Amount,Pay_Date) VALUES (92561,1500,DATE '2022-07-05');

INSERT INTO Payment2nf(Payment_no,Amount,Pay_Date) VALUES (50492,2000,DATE '2022-08-08');

INSERT INTO Payment2nf(Payment_no,Amount,Pay_Date) VALUES (89314,5000,DATE '2022-11-01');

INSERT INTO Payment2nf(Payment_no,Amount,Pay_Date) VALUES (31562,20000,DATE '2022-09-10');

INSERT INTO Payment2nf(Payment_no,Amount,Pay_Date) VALUES (47529,15000,DATE '2022-06-19');

INSERT INTO Payment2nf(Payment_no,Amount,Pay_Date) VALUES (69284,4000,DATE '2022-05-23');


INSERT INTO EmpMobileNo VALUES(201,9358673838);

INSERT INTO EmpMobileNo VALUES(202,9318927028);

INSERT INTO EmpMobileNo VALUES(203,9999006191);

INSERT INTO EmpMobileNo VALUES(204,8800324934);

INSERT INTO EmpMobileNo VALUES(205,8800765321);

INSERT INTO EmpMobileNo VALUES(206,9283729728);

INSERT INTO EmpMobileNo VALUES(207,9282927198);

INSERT INTO EmpMobileNo VALUES(301,8302266011);

INSERT INTO EmpMobileNo VALUES(302,9327738392);

INSERT INTO EmpMobileNo VALUES(303,8569348092);

INSERT INTO EmpMobileNo VALUES(304,8696129969);

INSERT INTO EmpMobileNo VALUES(305,8903742893);

INSERT INTO EmpMobileNo VALUES(306,9900180283);

INSERT INTO EmpMobileNo VALUES(307,9909287262);

INSERT INTO EmpMobileNo VALUES(119,9811593595);

INSERT INTO EmpMobileNo VALUES(120,9319238098);

INSERT INTO EmpMobileNo VALUES(121,9910829273);

INSERT INTO EmpMobileNo VALUES(122,8800923792);

INSERT INTO EmpMobileNo VALUES(123,9017832783);

INSERT INTO EmpMobileNo VALUES(124,8872761732);

INSERT INTO EmpMobileNo VALUES(125,9999006292);

INSERT INTO EmpMobileNo VALUES(201,9999006545);

INSERT INTO EmpMobileNo VALUES(305,9900167826);

INSERT INTO EmpMobileNo VALUES (120,9811593473);

INSERT INTO EmpMobileNo VALUES (204,9818728932);

INSERT INTO EmpMobileNo VALUES (307,8874572633);



INSERT INTO CustMobileNo VALUES(8796543210,9111109238);

INSERT INTO CustMobileNo VALUES(9876543901,9836727366);

INSERT INTO CustMobileNo VALUES(9876566123,8888192373);

INSERT INTO CustMobileNo VALUES(6543218889,9900119872);

INSERT INTO CustMobileNo VALUES(6543218779,8829298212);

INSERT INTO CustMobileNo VALUES(1111111111,7011293011);

INSERT INTO CustMobileNo VALUES(2222222222,7027187287);

INSERT INTO CustMobileNo VALUES(9876543210,9999990182);

INSERT INTO CustMobileNo VALUES(8765432101,9368765212);

INSERT INTO CustMobileNo VALUES(7654321098,9999197299);

INSERT INTO CustMobileNo VALUES(6543210987,8728379837);

INSERT INTO CustMobileNo VALUES(5432109876,9311656568);

INSERT INTO CustMobileNo VALUES(4321098765,9311676562);

INSERT INTO CustMobileNo VALUES(3210987654,9887167678);

INSERT INTO CustMobileNo VALUES(9876543211,9023898737);

INSERT INTO CustMobileNo VALUES(8765432101,9819838047);

INSERT INTO CustMobileNo VALUES(7654321091,8888013898);

INSERT INTO CustMobileNo VALUES(6543210982,8800317262);

INSERT INTO CustMobileNo VALUES(5432109873,8801972872);

INSERT INTO CustMobileNo VALUES(4321098764,8800099125);

INSERT INTO CustMobileNo VALUES(3210987655,7011296369);

INSERT INTO CustMobileNo VALUES(9876543901,9999006877);

INSERT INTO CustMobileNo VALUES(8765432101,9999006751);

INSERT INTO CustMobileNo VALUES(2222222222,9999008917);


INSERT INTO Transactions1(Transaction_id,Account_no) VALUES(20001,10001);

INSERT INTO Transactions1(Transaction_id,Account_no) VALUES(20002,10002);

INSERT INTO Transactions1(Transaction_id,Account_no) VALUES(20003,10003);

INSERT INTO Transactions1(Transaction_id,Account_no) VALUES(20004,10004);

INSERT INTO Transactions1(Transaction_id,Account_no) VALUES(20005,10005);

INSERT INTO Transactions1(Transaction_id,Account_no) VALUES(20006,10006);

INSERT INTO Transactions1(Transaction_id,Account_no) VALUES(20007,10007);

INSERT INTO Transactions1(Transaction_id,Account_no) VALUES(20008,10008);

INSERT INTO Transactions1(Transaction_id,Account_no) VALUES(20009,10009);

INSERT INTO Transactions1(Transaction_id,Account_no) VALUES(20010,10010);

INSERT INTO Transactions1(Transaction_id,Account_no) VALUES(20011,10011);

INSERT INTO Transactions1(Transaction_id,Account_no) VALUES(20012,10012);

INSERT INTO Transactions1(Transaction_id,Account_no) VALUES(20013,10013);

INSERT INTO Transactions1(Transaction_id,Account_no) VALUES(20014,10014);

INSERT INTO Transactions1(Transaction_id,Account_no) VALUES(20015,10015);

INSERT INTO Transactions1(Transaction_id,Account_no) VALUES(20016,10016);

INSERT INTO Transactions1(Transaction_id,Account_no) VALUES(20017,10017);

INSERT INTO Transactions1(Transaction_id,Account_no) VALUES(20018,10018);

INSERT INTO Transactions1(Transaction_id,Account_no) VALUES(20019,10019);

INSERT INTO Transactions1(Transaction_id,Account_no) VALUES(20020,10020);


INSERT INTO Transaction2nf(Transaction_id,Trans_type,Trans_amt,Trans_time) VALUES (20002,'D',5000,TIMESTAMP '2022-07-20 08:45:32');
INSERT INTO Transaction2nf(Transaction_id,Trans_type,Trans_amt,Trans_time) VALUES (20003,'W',2000,TIMESTAMP '2022-07-21 12:10:27');
INSERT INTO Transaction2nf(Transaction_id,Trans_type,Trans_amt,Trans_time) VALUES (20004,'D',800,TIMESTAMP '2022-07-22 16:22:19');
INSERT INTO Transaction2nf(Transaction_id,Trans_type,Trans_amt,Trans_time) VALUES (20005,'W',6700,TIMESTAMP '2022-07-22 10:01:15');
INSERT INTO Transaction2nf(Transaction_id,Trans_type,Trans_amt,Trans_time) VALUES (20006,'D',350,TIMESTAMP '2022-08-02 14:33:48');
INSERT INTO Transaction2nf(Transaction_id,Trans_type,Trans_amt,Trans_time) VALUES (20007,'W',2400,TIMESTAMP '2022-08-02 09:55:11');
INSERT INTO Transaction2nf(Transaction_id,Trans_type,Trans_amt,Trans_time) VALUES (20008,'D',900,TIMESTAMP '2022-01-11 17:44:59');
INSERT INTO Transaction2nf(Transaction_id,Trans_type,Trans_amt,Trans_time) VALUES (20009,'W',500,TIMESTAMP '2023-01-12 13:55:29');
INSERT INTO Transaction2nf(Transaction_id,Trans_type,Trans_amt,Trans_time) VALUES (20010,'D',2000,TIMESTAMP '2023-01-15 11:18:36');
INSERT INTO Transaction2nf(Transaction_id,Trans_type,Trans_amt,Trans_time) VALUES (20011,'W',1200,TIMESTAMP '2023-02-18 15:20:42');
INSERT INTO Transaction2nf(Transaction_id,Trans_type,Trans_amt,Trans_time) VALUES (20012,'D',420,TIMESTAMP '2023-02-25 18:10:57');
INSERT INTO Transaction2nf(Transaction_id,Trans_type,Trans_amt,Trans_time) VALUES (20013,'W',7700,TIMESTAMP '2023-02-27 07:29:04');
INSERT INTO Transaction2nf(Transaction_id,Trans_type,Trans_amt,Trans_time) VALUES (20014,'D',3000,TIMESTAMP '2023-03-01 10:56:13');
INSERT INTO Transaction2nf(Transaction_id,Trans_type,Trans_amt,Trans_time) VALUES (20015,'W',4200,TIMESTAMP '2023-03-10 14:02:21');
INSERT INTO Transaction2nf(Transaction_id,Trans_type,Trans_amt,Trans_time) VALUES (20016,'D',1500,TIMESTAMP '2023-04-12 16:47:36');
INSERT INTO Transaction2nf(Transaction_id,Trans_type,Trans_amt,Trans_time) VALUES (20017,'W',9300,TIMESTAMP '2023-04-15 09:18:45');
INSERT INTO Transaction2nf(Transaction_id,Trans_type,Trans_amt,Trans_time) VALUES (20018,'D',600,TIMESTAMP '2023-04-22 12:32:53');
INSERT INTO Transaction2nf(Transaction_id,Trans_type,Trans_amt,Trans_time) VALUES (20019,'W',300,TIMESTAMP '2023-04-29 19:40:10');
INSERT INTO Transaction2nf(Transaction_id,Trans_type,Trans_amt,Trans_time) VALUES (20020,'D',7000,TIMESTAMP '2023-05-01 22:11:27');
